B,Middle Floor
BA,Middle Floor
BB,Middle Floor
BC,Middle Floor
BD,Middle Floor
BE,Middle Floor
BF,Middle Floor
BG,Middle Floor
BH,Middle Floor
BI,Middle Floor
BJ,Middle Floor
BL,Middle Floor
BM,Middle Floor
BN,Middle Floor
BO,Middle Floor
BP,Middle Floor
BQ,Middle Floor
BR,Middle Floor
BS,Middle Floor
BT,Middle Floor
BU,Middle Floor
BV,Middle Floor
BW,Middle Floor
BX,Middle Floor
CC,Middle Floor
D,Middle Floor
DA,Middle Floor
E,Top Floor Front Left
F,Top Floor Front Left
G,Top Floor Front Left
GA,Top Floor Front Left
GB,Top Floor Front Left
GC,Top Floor Front Left
GD,Top Floor Front Left
GE,Top Floor Front Left
GF,Top Floor Front Left
HA,Top Floor Front Left
HB,Top Floor Front Left
HC,Top Floor Front Left
HD,Top Floor Front Left
HE,Top Floor Front Left
HF,Top Floor Front Left
HG,Top Floor Front Left
HH,Top Floor Front Left
HI,Top Floor Front Left
HJ,Top Floor Front Left
HM,Top Floor Back Left
HN,Top Floor Back Left
HO,Top Floor Back Left
HP,Top Floor Back Left
HQ,Top Floor Back Left
HR,Top Floor Back Left
HS,Top Floor Back Left
HT,Top Floor Back Left
HV,Top Floor Back Left
J,Top Floor Back Left
JA,Top Floor Back Left
JB,Top Floor Back Left
JC,Top Floor Back Left
JD,Top Floor Back Left
JE,Top Floor Back Left
JF,Top Floor Back Left
JG,Top Floor Back Left
JH,Top Floor Back Left
JI,Top Floor Back Left
JJ,Top Floor Back Left
JK,Top Floor Back Left
JL,Top Floor Back Left
JM,Top Floor Back Left
JN,Top Floor Back Left
JO,Top Floor Back Left
JP,Top Floor Back Left
JQ,Top Floor Back Left
JR,Top Floor Back Left
JS,Top Floor Back Left
JT,Top Floor Back Left
JU,Top Floor Back Left
JV,Top Floor Back Left
JW,Top Floor Back Left
JX,Ground Floor
JZ,Ground Floor
K,Ground Floor
L,Top Floor Back Left
MT,Top Floor Back Left
ML,Top Floor Back Left
N,Top Floor Back Left
P,Top Floor Back Right
PC,Top Floor Back Right
PE,Top Floor Back Right
PF,Top Floor Back Right
PG,Top Floor Back Right
PL,Top Floor Back Right
PN,Top Floor Back Right
PR,Top Floor Back Right
PS,Top Floor Back Right
QA,Top Floor Front Right
QB,Top Floor Front Right
QC,Top Floor Front Right
QD,Top Floor Front Right
QE,Top Floor Front Right
QH,Top Floor Front Right
QK,Top Floor Front Right
QM,Top Floor Front Right
QN,Top Floor Front Right
QO,Top Floor Front Right
QP,Top Floor Front Right
QQ,Top Floor Front Right
QR,Top Floor Front Right
R,Top Floor Front Right
RA,Top Floor Front Right
RB,Top Floor Front Right
RC,Top Floor Front Right
RI,Top Floor Front Right
RM,Top Floor Front Right
RS,Top Floor Front Right
S,Top Floor Front Right
SF,Top Floor Front Right
TK,Top Floor Front Right
